{
  "fed_tone": 0.3260720207839665,
  "yields": 0.25814034978730677,
  "earnings": 0.18637733254643551,
  "risk_sentiment": 0.1261541569673685,
  "macro_data": 0.10325613991492273
}