{
  "fed_tone": 0.3170053560696619,
  "yields": 0.250962573555149,
  "earnings": 0.20077005884411925,
  "risk_sentiment": 0.13589623358011318,
  "macro_data": 0.09536577795095663
}