{
  "fed_tone": 0.33299477621468926,
  "yields": 0.2636208645032956,
  "earnings": 0.18081755096281046,
  "risk_sentiment": 0.12239087980795231,
  "macro_data": 0.10017592851125234,
  "polymarket_spx": 0.6
}
