{
  "fed_tone": 0.32079525142829074,
  "yields": 0.25396290738073013,
  "earnings": 0.19301180960935493,
  "risk_sentiment": 0.13064486862933208,
  "macro_data": 0.10158516295229207
}