{
  "macro_risk_off": 1.09,
  "macro_risk_on": 0.97,
  "inflation_hot": 1.0,
  "inflation_cooling": 0.9099999999999999,
  "fed_hawkish": 0.97,
  "fed_dovish": 0.94,
  "earnings_positive": 0.71,
  "earnings_negative": 0.5599999999999998,
  "geopolitics_risk": 0.8600000000000001,
  "liquidity_stress": 1.2400000000000002,
  "polymarket_spx": 0.6,
  "risk_sentiment": 0.0
}