{
  "fed_tone": 0.3113304837945997,
  "yields": 0.25944206982883306,
  "earnings": 0.19717597306991316,
  "risk_sentiment": 0.13346348677169745,
  "macro_data": 0.09858798653495658
}