{
  "fed_tone": 0.31443038969716425,
  "yields": 0.26202532474763685,
  "earnings": 0.1891822844677938,
  "risk_sentiment": 0.13479237768330307,
  "macro_data": 0.09956962340410201
}