{
  "macro_risk_off": 1.03,
  "macro_risk_on": 0.9099999999999999,
  "inflation_hot": 1.0,
  "inflation_cooling": 0.8799999999999999,
  "fed_hawkish": 1.0,
  "fed_dovish": 0.9099999999999999,
  "earnings_positive": 0.6199999999999999,
  "earnings_negative": 0.46999999999999975,
  "geopolitics_risk": 0.8,
  "liquidity_stress": 1.2100000000000002,
  "polymarket_spx": 0.6,
  "risk_sentiment": 0.0
}